x,y
5.899996,1.880115
5.462103,1.523675
7.131632,1.845594
7.592092,1.315849
5.660661,-0.243850
5.558559,0.688770
6.750798,1.804438
6.516016,1.592488
7.288553,0.957701
7.097955,-0.348692
5.063063,0.186466
7.513514,-0.008897
7.892392,1.295007
7.014014,1.578287
6.879880,-0.255609
6.221221,1.184650
6.501001,1.459349
6.831832,0.503429
6.658659,1.197907
5.158158,1.071992
6.943944,1.323698
6.696697,-0.268303
7.905557,1.624254
7.546138,-0.090736
6.085085,0.924464
5.879776,0.917097
6.575576,0.578795
5.687441,0.555666
6.671171,1.221540
6.846847,-0.234459
5.357357,0.330987
6.393393,1.709641
5.428428,1.003584
7.468468,0.283412
7.699700,-0.232525
6.489837,-0.043433
5.970470,1.515241
7.183827,0.420015
6.143143,1.926530
6.485485,0.843132
6.287287,1.380759
6.257348,0.752295
6.836943,-0.123597
6.615616,-0.120447
6.808809,1.115787
5.524525,0.788948
5.544545,0.725274
7.300300,0.543175
6.505480,1.850126
7.934466,1.873086
6.257257,1.199125
6.957958,0.136145
5.648649,0.398553
6.421421,1.132692
6.871872,0.549875
7.201201,0.395387
5.972973,0.793704
7.531028,1.156141
7.786787,-0.206712
7.405405,0.400073
6.415415,1.043704
5.668669,0.364331
7.520820,0.843035
5.960460,1.550067
6.595596,0.533223
5.646647,0.503086
6.843844,0.647077
6.240240,0.463855
5.470470,0.778523
6.410630,1.994585
7.072072,0.344512
7.236737,1.937832
5.857858,1.154927
7.426927,1.623384
5.666667,-0.315789
7.954955,1.324092
5.784785,0.355570
5.196196,1.368506
7.894895,1.324237
6.128128,1.769312
7.196351,1.488364
6.075576,1.654195
6.588589,-0.051099
5.242242,1.391150
7.378378,0.397827
7.491992,1.551834
5.438143,0.679017
5.408408,1.029190
5.800801,0.556590
6.941942,0.750123
5.282282,1.127246
6.425425,1.176537
5.018018,0.788424
6.113113,1.679827
5.348348,1.269319
6.141141,1.117926
6.973974,0.643258
6.005891,1.077557
6.118118,1.904042
7.306306,0.593351
6.148694,0.835515
6.673674,0.622210
7.063472,0.115010
6.727728,0.515957
6.090084,-0.468401
7.209209,1.937285
7.639640,1.276034
7.081081,0.409508
7.879880,1.282626
6.617901,1.391415
5.416730,-0.326471
6.011095,0.432229
5.183183,0.543690
7.266767,1.906405
5.123407,1.683233
6.000819,-0.384836
5.735736,-0.223804
6.477477,1.050333
6.084084,0.342378
6.941947,0.816803
6.988989,1.505038
5.570571,0.689850
6.601602,0.590122
6.598599,1.209225
6.967184,0.656063
7.517017,1.447587
6.566066,1.256582
6.411379,1.720057
5.628629,0.657246
6.315315,0.471720
6.613614,0.689684
6.468468,1.492300
6.628629,1.301784
5.909910,-0.006352
6.375876,1.903737
5.950951,0.794281
6.689690,0.425760
6.110611,1.693256
5.102102,0.359273
7.930931,-0.002396
7.296797,1.831546
6.855856,0.521807
6.513514,1.488782
7.648649,-0.109217
6.443443,1.680060
6.936436,1.408828
7.954618,0.645629
6.534535,-0.057947
5.066066,0.973036
5.657658,1.201979
6.299299,1.288839
5.723724,-0.181590
6.207207,0.432678
6.187187,1.189151
5.690691,0.587184
6.147147,1.182448
6.924700,1.368221
5.650150,1.128272
6.087087,1.106705
5.355938,1.318657
5.580080,1.369706
6.567568,0.544479
7.549550,1.437519
6.048048,0.262716
6.043043,1.740528
7.084084,1.750891
7.661876,0.058885
5.386744,0.051356
7.006507,1.483083
6.647648,0.401256
6.837838,0.632582
6.786787,-0.360644
6.133133,1.749283
5.474307,1.716677
6.669670,-0.313954
7.209486,-0.071451
5.856857,0.514733
5.642643,0.470250
6.363363,1.937492
5.688689,0.516018
7.484484,1.579740
5.766717,1.614876
7.417417,0.214299
7.798762,-0.126396
6.603604,0.002846
5.846847,-0.106027
7.804805,1.126549
7.834835,-0.142171
5.307196,1.548537
6.294294,0.573914
5.924925,-0.030598
7.579580,1.237888
6.921922,-0.101447
7.672673,-0.163073
7.297297,0.476209
5.236236,1.301328
6.949950,0.603014
6.802588,0.348404
6.774775,-0.371490
6.091091,0.983810
6.547548,0.803558
7.008322,0.488293
6.359359,1.268835
6.169169,1.270831
6.348348,0.572285
5.842843,0.441349
6.931932,0.605830
6.303303,2.010736
6.003003,1.581567
7.454063,-0.409696
5.638639,0.493382
6.225225,0.467089
6.791291,1.119435
5.705205,1.173307
5.117117,0.334625
5.757040,1.631228
5.658680,-0.119885
5.717718,-0.361238
6.319319,1.208238
7.435435,0.254451
5.848849,0.398752
5.833249,1.434463
6.091528,0.753579
6.465966,1.534214
7.921922,-0.182669
7.779780,1.065402
6.275776,1.958893
6.190691,1.945142
6.405906,1.658249
5.684685,-0.278379
7.527027,1.520300
5.200200,1.162481
6.863864,1.343496
6.045045,0.907518
7.264264,0.437473
5.876442,0.557336
5.893128,1.460600
7.617117,1.237385
6.735608,-0.060652
6.865866,0.441411
7.620607,0.469515
6.326824,1.955126
7.969970,1.554761
6.996997,0.157709
6.843844,1.182498
7.542042,1.396200
5.082082,1.168250
7.315315,0.409401
7.507007,1.448690
6.399399,1.143425
6.107107,1.164694
5.245458,0.426726
7.996204,0.411291
6.211211,1.129873
5.258258,1.198314
7.179179,1.970151
7.184184,2.005646
5.756757,-0.273098
5.058093,0.461976
7.512636,1.473562
6.745746,0.597504
7.630400,1.997212
6.483483,0.999161
5.496213,0.487656
7.117117,0.417444
6.024024,0.299718
6.716865,1.247322
7.857357,1.143790
5.790290,1.124038
6.141892,0.702472
5.579580,-0.151239
7.289289,1.842214
7.359359,1.721290
5.170509,1.388084
6.888889,1.366911
6.055055,0.946422
5.252770,1.124631
7.444444,1.553960
6.480981,1.688491
5.783784,-0.296525
6.249249,0.567150
6.049069,0.672594
7.644303,1.450219
6.838697,0.737446
5.588589,-0.018601
7.787612,0.932357
6.717718,-0.331566
5.480480,0.288934
6.991992,0.733796
5.285568,1.730411
5.427757,1.908097
7.918919,-0.028914
5.525025,1.360688
6.688374,0.636206
5.986987,0.722954
7.917417,1.259147
7.111832,0.411600
5.647648,1.132798
7.314314,1.868664
7.431932,1.668415
6.948949,1.410186
7.546321,1.547766
7.873340,1.347421
7.870871,-0.287264
7.219219,0.558462
6.058058,1.751763
6.511512,0.915755
7.615019,0.011967
7.029029,1.477068
7.174174,1.823665
6.057057,0.203697
7.879880,-0.140943
5.947948,1.386051
5.068068,1.046625
6.138138,0.453402
7.744745,1.031934
6.531532,-0.030001
5.442442,0.865659
7.694695,1.142279
5.155886,0.624464
7.567568,0.044364
6.033033,0.890224
6.891892,-0.055608
5.831855,0.118224
5.642570,1.596456
6.661161,1.153349
7.864865,1.243366
5.753754,-0.257860
7.474684,0.481859
6.567568,-0.111921
7.018186,1.226640
6.039039,1.074792
6.043043,1.091267
6.061061,1.096769
5.526527,0.655545
5.288288,0.496725
6.519520,0.012941
6.162162,0.531378
7.429429,1.798508
6.501769,1.546913
5.190190,1.314149
6.774421,-0.076149
7.812312,1.258257
6.779718,-0.119754
7.832332,1.149401
7.189189,1.833028
7.871279,0.578147
5.615637,0.975135
5.981982,0.202817
5.146146,1.177938
7.941712,0.159992
6.505506,0.921764
7.758662,0.611252
6.641141,1.093186
5.735235,1.162219
5.964965,0.820385
5.222222,0.602658
5.474474,1.041142
6.851852,0.526579
5.096096,1.066043
6.686186,1.189105
7.294294,1.960766
7.397706,0.486626
6.439502,0.295319
6.390891,1.665138
6.420921,1.825400
6.959960,0.661607
6.038038,1.543895
6.483483,1.689344
6.685686,0.436868
5.977978,1.421030
5.860360,1.310127
6.433433,1.658821
7.664665,1.241082
6.967604,1.377648
6.836336,1.081112
6.738739,1.141890
5.006006,0.826030
5.637638,1.270193
7.656914,-0.008192
5.627768,-0.276330
6.726727,-0.188710
5.891892,-0.069836
7.829830,1.204864
6.652833,-0.480015
7.906907,-0.058239
6.258258,2.036636
6.000501,1.454495
7.138302,1.162431
6.985129,-0.432431
7.196697,2.004520
5.552553,1.492512
6.975976,0.124454
6.475976,1.463671
5.556557,0.817849
7.490023,-0.385959
6.780781,-0.214765
6.735736,-0.191163
6.037037,1.004951
6.830678,1.307056
5.372372,1.287052
6.539695,0.798388
5.905592,1.601272
6.997998,0.812598
5.890390,1.147701
5.316316,1.078124
5.930430,1.313607
5.816817,-0.124292
6.355856,1.845181
7.618619,-0.208783
7.343828,-0.402656
6.696196,1.253986
6.462462,0.315732
6.811337,1.237449
6.551552,0.866863
5.482904,1.649210
7.359737,0.380946
5.732733,1.223949
5.562563,0.741680
5.014815,-0.090211
7.264264,1.949445
6.022050,0.715236
6.115616,1.670139
5.086086,1.176219
6.228882,-0.069159
6.787788,0.514376
6.143143,1.209069
7.321321,0.446029
6.357357,1.059924
6.588108,-0.295822
7.046547,1.561030
6.369369,1.256447
7.126627,1.787555
7.384384,1.858789
6.613845,0.471647
6.247247,1.397292
5.256256,1.395817
5.494494,0.879491
5.390926,0.680436
5.274499,1.390732
6.019019,0.931309
5.024024,0.879723
5.534535,0.803433
7.391892,1.722018
5.825826,-0.242609
7.399512,1.320493
7.096096,0.375856
5.615115,1.191719
5.570571,-0.041125
5.987988,1.612004
5.587588,1.373442
5.339339,0.394022
6.743744,1.168065
6.433433,1.011608
6.638639,1.279842
6.906907,-0.152885
5.557558,1.453372
7.644645,1.190731
5.285285,0.428362
6.390390,0.481364
6.509510,0.677141
6.263263,1.819531
5.304727,0.779640
6.025526,1.686282
7.885886,-0.192586
7.659660,1.249074
6.811311,1.267564
6.437437,1.006147
6.263263,1.371991
6.846346,1.164576
7.099099,1.800759
6.576511,1.230246
6.768769,-0.356086
5.885987,1.661851
5.975475,1.551241
7.564565,1.437163
5.439656,0.638217
6.603604,1.233140
6.842825,0.163816
7.279279,0.478960
5.828829,-0.345066
5.772773,1.216810
6.277277,1.178114
7.562062,1.446590
7.096597,1.865008
5.362362,1.285822
5.750751,-0.150379
7.897898,-0.040454
5.380380,1.247576
7.204204,0.629867
7.987487,1.442570
5.597598,1.381542
7.402402,0.325706
5.054054,0.937707
5.687688,-0.333772
7.900901,-0.051367
6.823824,1.199661
6.475475,0.911595
5.910911,0.567478
7.151652,1.780373
6.273273,1.331050
7.219219,2.036869
5.141223,-0.361506
6.629630,0.526859
7.361862,1.736507
7.069069,1.638310
7.319319,1.772549
6.339339,0.430863
5.915916,-0.040210
6.005506,1.556704
5.837706,1.423702
6.103103,1.005965
7.708311,0.139815
7.627628,-0.285270
5.674675,0.478712
7.011512,1.502282
6.013013,1.031556
5.113069,0.959262
7.760585,-0.197571
7.282282,0.402625
7.754478,1.192707
5.432432,1.030066
5.930931,0.057158
6.113113,1.010241
6.341622,1.555087
6.881381,1.339844
7.083031,1.834054
7.414414,1.796889
5.807808,1.075848
6.229029,-0.499133
5.127857,0.944854
7.169169,1.859785
7.142300,0.582855
6.255756,1.949898
6.169178,-0.046355
7.439439,1.782790
7.767424,1.611837
7.243885,1.417743
6.495495,0.207120
6.295295,1.359693
7.251752,2.029898
6.603604,0.539209
6.183183,1.901447
5.795796,-0.364259
7.459143,0.342380
6.913914,0.613258
5.552610,-0.419504
6.925926,0.766402
5.840841,-0.333036
6.297297,0.458082
5.400400,1.064587
5.062062,1.072246
5.216216,0.523929
6.686632,1.518353
7.059059,1.771686
6.722629,0.941668
7.561562,-0.030884
7.399399,0.254857
7.672172,1.174600
5.941107,1.526635
7.957457,1.302641
5.068756,1.318550
6.945946,0.081251
6.891892,0.490268
5.568569,0.759412
5.364364,1.283579
6.883884,1.294645
7.414414,0.396300
5.822823,0.354932
6.281281,1.185046
7.149149,1.739140
5.252252,1.118757
6.577578,0.615274
7.587087,1.365032
5.667526,-0.265676
5.890891,0.459357
5.662663,0.505027
6.721722,0.322430
6.353353,1.828824
7.351199,0.405681
5.198198,0.614861
5.774775,0.527425
6.103103,1.737535
5.900901,-0.015194
6.506006,1.491543
7.259259,1.925651
7.492492,0.028362
7.177177,0.527836
5.918919,0.530354
5.964827,0.155957
6.418099,1.407920
5.379145,0.939518
6.559560,0.642576
6.365365,1.098439
5.656657,0.505926
6.765766,-0.184663
6.453453,0.311087
6.287564,0.531315
5.883840,0.821806
5.682071,1.934013
5.500000,1.584907
6.039039,0.136445
5.618619,0.686831
7.544242,0.550533
6.921421,1.391701
6.403403,1.126637
6.699700,-0.231280
6.773774,0.436827
6.701702,0.477979
7.501502,0.025352
6.208208,1.787968
5.542575,1.123401
6.455455,1.054608
7.254525,-0.455730
5.066066,0.329584
7.855856,-0.243039
5.060060,0.887359
5.201201,0.628659
5.207212,1.151196
5.888313,1.876424
7.681682,-0.287101
5.602603,0.503040
6.264264,0.540855
6.166214,-0.081228
5.978979,0.841871
7.000000,0.973887
5.621467,0.806623
5.084084,1.012598
6.744728,1.398936
7.006212,0.372131
5.908568,1.585839
7.039039,1.583993
5.627628,1.122925
6.375375,1.042950
6.017162,0.333288
6.809810,0.379776
6.288128,1.424784
6.325325,1.091499
5.730230,1.049485
5.402402,0.356196
7.716354,1.118494
5.588589,0.624611
5.680180,1.107667
6.978979,1.357798
5.954955,0.620447
5.967968,1.541526
6.753754,-0.395712
6.328328,1.968555
5.189887,0.475587
7.173756,0.738727
6.903904,1.390768
7.056557,1.714595
6.285285,1.365463
6.778779,1.244176
7.749610,0.672370
6.340841,1.767055
7.281729,-0.498240
5.778670,-0.257253
5.315315,0.616438
6.756757,-0.224787
6.174174,0.375708
6.327327,1.232567
7.478308,0.519589
6.235736,1.857063
5.445798,0.109644
5.150150,0.408734
6.686369,0.806071
7.873874,-0.107292
6.708709,-0.238834
5.021021,0.128971
5.474474,0.213088
6.993994,0.210463
6.345345,0.394343
5.642643,1.253641
6.463463,1.643854
6.125125,1.036938
7.281782,1.947439
5.290290,1.311590
6.279968,1.546359
6.787334,1.308170
7.974975,1.508380
5.386386,1.036276
7.228228,0.446624
5.894895,0.468017
5.546547,0.003322
6.932238,0.954167
7.903904,0.008540
7.831832,-0.329980
6.318318,1.915065
7.462462,0.297530
5.685185,1.258783
5.787788,1.089338
6.583584,1.420287
7.079079,1.649306
7.591592,-0.062211
7.154154,1.837196
7.359921,-0.076260
5.785285,1.106347
5.762763,1.004077
6.714715,-0.158621
7.256757,2.003592
5.502503,1.479932
6.047047,0.874940
5.294956,1.519759
6.414810,-0.203030
7.426426,0.290639
7.331832,1.834599
5.286320,1.723574
5.920921,0.797035
5.897898,-0.049680
7.927427,1.443444
5.855355,1.158986
6.067067,1.161468
6.498498,1.461058
5.330330,1.213909
6.267267,0.583412
5.116745,1.361435
6.556056,1.335120
7.933934,-0.029942
6.600601,-0.090999
6.851351,1.144868
5.582583,-0.183444
6.566090,1.681483
5.462462,0.188255
6.660661,-0.143493
5.527528,1.424344
7.334447,0.756078
7.004274,-0.051864
5.297297,0.560237
7.690691,-0.126172
6.097097,0.939465
7.765200,-0.449397
5.038038,1.012278
6.426426,0.236760
6.789790,-0.195973
7.453453,0.126708
7.309309,0.382181
6.939940,0.689284
5.582583,0.601194
6.270270,0.623911
5.298298,1.243148
5.969544,-0.381793
6.693694,-0.151342
5.855856,-0.193756
5.219824,0.066312
5.033033,0.221027
7.344344,1.855061
6.796296,1.207562
7.399399,1.685357
7.183183,0.448936
5.832464,-0.452907
6.438438,1.660178
6.171171,0.594155
7.381381,0.424251
6.912913,-0.198226
5.885385,1.138912
7.342342,0.343491
5.657363,1.064725
7.889890,1.224781
5.586587,0.701450
7.486987,1.536755
7.070214,1.002868
6.052643,1.413967
6.141141,0.557642
5.805305,1.035720
7.606607,-0.009905
6.456432,1.722554
5.624625,-0.233843
6.813814,0.490628
7.324324,0.436755
7.101602,1.717613
6.539540,0.833662
6.190073,0.055471
7.158854,0.911794
6.581551,-0.141202
6.599600,0.637376
7.597598,-0.224393
5.000000,0.757942
7.085178,0.033337
6.698613,0.565028
5.190597,0.503825
6.181181,1.355761
7.819820,1.239131
5.878879,0.575668
5.040068,1.246193
5.921922,-0.162626
6.936937,-0.129280
7.972973,-0.004557
7.404404,1.819123
6.756256,1.115762
6.678679,1.185582
5.510511,0.058656
7.369369,0.316118
5.220220,1.335320
5.410410,1.189694
5.845964,-0.260070
7.244244,1.949396
5.928929,0.663317
6.761046,0.807059
5.585085,1.225337
5.268268,1.325970
5.452452,0.971550
5.723120,-0.481958
5.320320,1.354416
6.477477,0.171245
6.108108,0.423579
5.334457,-0.196309
5.860786,1.377416
7.221983,1.795591
5.712713,1.180792
6.363363,1.190938
5.670170,1.081233
5.498498,0.198307
6.518519,1.526420
6.102102,0.463890
6.152376,0.822786
6.007007,0.812346
6.946979,0.288281
6.863255,0.270981
7.855759,0.350153
6.391391,1.161534
7.476977,1.703820
7.858859,-0.197847
7.639640,-0.147673
6.644883,1.907293
7.372372,0.425204
5.192669,-0.077333
5.456456,0.152254
5.264264,0.415534
6.380881,1.774084
5.891934,0.950344
6.300300,0.597918
7.669896,1.943993
5.767618,0.690700
6.611111,1.347922
6.325826,1.835637
7.810811,-0.350322
7.189189,0.611155
5.525526,0.150131
7.109109,1.748125
7.622122,1.326156
5.934596,0.676822
6.686534,1.208476
6.510511,-0.016023
7.524894,1.636626
5.877878,1.156215
5.422422,1.145718
7.006006,0.236615
7.804805,-0.243255
6.035536,1.572477
5.907908,1.251102
7.981860,1.385142
5.501502,0.000957
7.016517,1.605183
5.071814,0.238330
6.926100,1.471255
5.843844,-0.300434
5.012061,0.070074
6.260761,1.909904
5.122122,1.191401
5.510010,1.605235
7.555556,-0.130094
8.000000,0.033365
5.822823,1.164765
7.869870,1.317533
7.376877,1.816966
6.593594,0.649381
5.612613,1.195437
7.749750,1.155796
5.276305,-0.131861
6.786286,1.217477
5.757758,1.120385
6.823824,0.489855
7.015015,0.088507
6.683684,0.452053
6.666166,1.120024
7.396897,1.778739
7.034034,1.675213
6.636637,-0.124825
7.171171,0.586653
6.335836,1.980630
7.109652,0.559116
6.527132,0.178013
5.927928,-0.131463
7.720622,0.142245
7.624625,1.164524
7.483483,0.185036
6.028028,1.654503
7.738739,-0.226680
5.662663,1.159039
6.423423,0.204224
6.761762,0.546694
6.217217,1.291272
7.073451,-0.355486
6.713714,0.450444
5.366366,1.050111
6.398398,1.765141
7.123123,0.478182
6.109109,1.008921
6.659660,0.496420
6.978979,-0.003436
6.497497,0.853645
5.138826,0.184329
7.736581,0.778033
5.833419,1.993297
5.704705,0.356913
7.051552,1.772328
6.894895,-0.116192
7.529530,1.531416
7.091592,1.669196
6.003003,0.712139
7.225225,0.399573
5.770541,1.621824
6.373373,1.832464
5.210210,1.352426
5.873874,-0.162849
7.543544,-0.100522
7.206707,1.970301
5.680681,0.589631
6.897898,-0.237055
6.252252,0.569960
5.574575,0.619889
6.469469,0.893791
7.528043,1.937739
7.539540,1.384296
7.333333,0.363427
6.715716,0.482171
5.620621,0.460551
7.762763,-0.387269
6.203203,1.139464
7.195195,0.478817
5.926927,0.764192
6.726226,1.228734
5.987572,0.205904
7.258258,0.454686
6.189189,0.500069
6.063063,1.738900
7.986267,-0.294299
5.255255,0.543962
6.414414,0.419259
7.945946,-0.123320
5.915415,1.397246
6.887888,0.590058
5.764765,0.562497
6.139139,1.054699
6.564565,0.044359
7.711712,-0.295541
6.729231,0.533450
6.846941,1.986502
6.581081,1.418644
6.913772,1.477651
5.530531,0.885813
5.100100,1.217505
5.126567,1.979053
7.882382,1.184629
6.210210,0.481854
7.808581,1.389113
6.963964,1.357534
6.018018,1.493377
6.239239,1.120591
6.741742,-0.291092
7.360360,0.500898
7.003003,0.160161
6.185185,1.121778
6.631131,1.274261
5.825325,1.211500
6.743882,0.260693
6.883884,0.609554
7.817317,1.121408
5.257822,0.040986
7.984985,1.440327
6.070571,1.659133
6.966967,-0.030071
5.790791,0.578755
7.239239,1.888939
7.001502,1.552582
5.294294,0.611348
6.618619,1.236705
5.016530,0.572525
6.555556,-0.134542
7.759760,1.190171
7.196418,0.140879
7.299299,1.904106
7.107061,1.671883
7.702202,1.259539
6.705405,0.652738
5.072945,-0.338593
5.872873,1.326554
7.979980,1.579840
6.759760,-0.231253
7.975976,0.185396
5.498498,0.848286
6.543544,1.435989
5.546048,1.865815
5.881800,0.929801
7.577077,1.312385
6.751432,-0.423799
5.324324,0.377775
7.795796,-0.146807
5.720721,0.475688
6.165165,1.188409
7.842342,1.277954
7.839840,1.108599
5.636637,0.597070
6.083083,1.790612
6.747748,0.537900
6.841341,1.160622
5.626409,-0.372902
6.821321,1.182158
6.418418,1.643454
7.754755,1.213611
5.549550,0.006298
6.227227,1.136202
7.240087,1.748240
7.932432,1.452419
5.492171,-0.468699
7.138138,0.386354
6.585586,-0.074191
6.829830,0.508092
7.114114,1.759817
5.903904,-0.116678
6.941441,1.448688
6.336458,1.542372
7.251514,0.553303
6.573574,0.654861
5.126126,0.406542
7.129129,1.828166
5.482482,0.903041
5.859323,0.725087
7.771772,-0.262377
6.237237,0.544951
5.846847,0.521368
6.369855,1.317839
5.542543,0.805815
5.609610,-0.008500
6.897898,0.677777
6.737738,0.330023
5.522523,1.366635
5.123123,0.385173
6.858859,1.282662
6.612613,-0.179450
5.324324,1.071251
6.686470,1.387888
5.915962,1.439144
5.520020,1.464109
6.981982,0.067763
5.327327,0.515242
5.665766,0.638647
5.143401,-0.293222
5.392392,1.093570
5.642643,-0.307648
6.702703,-0.345830
6.623624,1.130226
6.996496,1.622484
6.935679,0.749738
5.777778,-0.253514
6.015516,1.475567
5.654655,0.469661
7.944945,1.405913
5.519520,0.084725
5.411411,0.240132
6.078078,0.396074
6.816817,-0.118213
5.984985,-0.010511
5.632633,0.427339
6.193193,1.957452
5.722141,0.143192
6.639640,-0.113568
5.656350,1.251694
7.421366,0.842402
6.803804,1.096241
6.283283,1.858524
5.972973,1.526826
5.228228,0.593425
6.842221,1.906229
5.700200,1.152615
5.976977,0.778113
6.733855,-0.432695
6.977773,-0.354279
6.256125,1.008454
7.234234,1.993163
5.962963,1.489860
6.114114,0.431585
5.219219,0.460120
6.155155,1.326643
6.158158,1.894995
7.461962,1.553869
6.429517,1.808584
6.378378,1.833786
7.084737,1.242645
6.607608,0.578004
5.885890,-0.367517
6.951451,1.302844
7.208690,1.332030
5.164164,1.327716
6.769770,0.584696
6.691692,0.480976
5.060480,1.502491
6.119950,1.078535
6.090591,1.646939
7.881899,1.183702
5.448448,1.115053
5.944945,0.582990
5.381381,0.460662
6.210711,2.019258
6.616116,1.161224
6.491491,0.897826
6.918919,-0.025620
6.848849,1.159918
6.033033,0.267759
6.186186,0.536593
6.290791,2.004500
5.111454,0.358791
5.120120,0.459043
5.992993,1.594874
7.844258,0.815776
7.537538,0.023905
6.990991,0.092086
7.369369,1.718471
6.040567,0.834909
7.840841,-0.093622
5.506882,0.878241
6.771772,0.543771
7.524525,1.382994
6.521021,1.371475
7.481982,1.485282
5.738739,-0.166028
5.687688,1.052657
7.024017,0.277661
6.316188,0.926073
5.020020,0.809888
7.762262,1.014893
5.943362,0.032010
7.461811,1.396342
5.933934,0.077942
7.182409,1.577253
7.042626,-0.077388
7.419419,1.748897
5.535035,1.509790
7.366867,1.880971
6.852853,-0.277660
5.992353,0.831429
6.646311,-0.280260
5.507508,1.589811
7.273273,0.596116
7.993994,0.090104
6.435435,0.251301
7.363363,0.389384
5.690190,1.076300
7.507508,0.103133
7.364364,1.749325
6.255255,1.339142
6.095596,1.691091
6.003503,0.561431
7.076563,0.460568
6.507508,0.000189
6.023023,0.913166
7.111111,0.381807
6.869508,1.910282
5.722723,1.206436
6.741241,1.053640
7.109866,1.108790
5.572573,1.410944
6.411411,1.164088
6.234234,0.604584
5.729730,-0.342268
7.323856,1.996565
7.717217,1.012826
6.478478,1.535056
7.737237,1.221501
5.547548,1.327713
5.334334,1.088971
6.739740,0.332596
5.995495,1.565502
6.170671,1.942634
7.213213,0.637109
6.348348,1.831942
6.192192,0.417657
5.495210,0.465446
6.351351,0.345024
6.401401,0.941992
5.180180,0.413035
5.644645,0.589290
6.238238,1.993905
5.431975,1.579381
7.135135,0.408452
6.129129,0.415463
6.570571,-0.168498
7.553995,1.786106
6.983984,1.455141
5.720490,-0.282911
5.778779,0.515783
5.667668,1.141211
7.834854,0.242120
5.240240,0.608922
5.434434,1.130752
5.118089,-0.491034
6.955956,0.695268
6.417542,1.136774
7.057057,0.345750
6.665666,0.601117
5.968969,0.642679
7.444444,0.236721
5.951952,-0.114032
5.144144,0.488324
6.981982,0.719974
6.987988,0.051259
7.269269,2.036123
7.720721,-0.164302
6.666667,-0.295991
6.298298,1.933803
7.128679,-0.416582
5.708709,0.511998
6.683684,1.263322
5.738739,0.585240
7.486486,0.278092
5.768769,0.572384
5.703296,1.441875
6.207676,1.952252
6.585856,-0.360692
7.215626,1.580613
6.073073,1.775149
7.574575,1.307402
5.806807,0.461529
6.474474,0.158717
7.588589,-0.112172
7.222222,0.524923
6.389389,0.960273
6.718719,1.086693
7.594595,-0.089621
6.284709,1.786732
5.045579,1.849039
6.175676,1.843929
6.541041,1.359883
7.992492,1.487830
6.393393,0.452863
7.194656,0.030053
7.386887,1.783151
5.795295,1.194537
6.460961,1.660363
5.996997,0.158358
6.355355,1.251839
5.607608,1.371764
6.456456,0.212864
5.412610,1.892671
5.312312,0.616940
6.407407,1.073152
7.447447,0.355709
5.684685,0.334834
6.735736,0.400895
5.084084,0.249493
5.479778,1.427629
6.597598,0.586292
6.276276,0.477965
5.504505,0.940792
7.948227,0.827336
7.615616,-0.056422
5.957958,-0.094858
5.144144,1.179766
5.663670,-0.087668
5.905405,1.189094
6.801802,0.454090
7.436937,1.619658
7.827327,1.104357
6.486486,0.257697
7.232403,0.847874
7.747748,-0.394656
6.330330,0.448326
6.423423,1.058276
6.096096,0.317105
6.705706,-0.235375
5.231231,0.549083
5.890396,1.371111
6.691191,1.170110
7.552553,-0.054252
5.174174,0.545662
6.327327,0.453849
6.261261,0.613418
6.619620,0.623745
6.303303,0.427683
7.949950,1.401527
5.274274,1.249189
5.930931,0.707556
6.582583,-0.020690
6.438438,0.263878
5.696697,-0.282237
7.852853,-0.208154
6.336004,0.146790
5.477477,0.282400
6.521522,0.651268
6.895896,0.630267
7.281122,1.189100
6.936640,1.561805
5.832833,1.257399
5.794795,0.468918
7.066567,1.796439
7.942442,1.404115
7.198198,0.611795
6.065756,1.489974
6.312312,0.537249
5.979637,0.218976
5.537538,1.537139
7.647147,1.084925
5.436436,1.122868
5.756757,0.553279
7.336837,1.788900
5.018018,0.214155
6.681682,0.458269
5.904905,0.564044
7.764765,1.249519
6.777778,-0.155308
6.415916,1.615096
6.749750,0.542731
6.036036,0.254089
7.098037,1.841965
7.084084,0.335172
7.732232,1.006551
6.877878,0.436852
6.373373,1.241347
7.424179,1.322509
5.430430,0.913564
5.645145,1.266516
5.598599,0.654638
7.027027,0.256676
5.786787,-0.320133
7.161215,0.779389
7.070108,0.511704
6.180681,1.959083
5.414414,0.307411
7.429429,0.402577
7.550692,1.555646
6.736236,1.112377
5.372372,0.312673
6.758759,1.121034
7.887387,1.203993
7.702703,-0.370688
6.626126,1.345908
5.466374,0.046256
5.174174,1.200168
5.660661,0.563302
5.003003,0.239063
7.264150,1.340965
5.270270,0.451465
6.215215,1.173551
5.528529,0.164052
5.576461,1.553066
6.399399,0.401868
6.323323,1.825599
6.223223,1.193931
6.543544,0.766649
5.887888,1.337195
7.036036,0.283699
6.826326,1.209354
7.801802,-0.264496
5.001362,0.599010
5.567568,-0.047990
6.085586,1.769720
5.044044,1.041732
5.285916,0.131970
7.351852,1.874200
6.918919,1.392919
6.201201,0.498442
7.441441,0.177952
7.514515,1.454431
7.939940,-0.082579
6.347347,1.264687
7.288299,0.207561
5.416416,1.152177
5.019626,0.198664
6.840824,-0.223967
5.249249,0.554018
7.009009,0.037178
7.750269,1.320477
7.411411,0.325017
7.612613,-0.188320
6.125626,1.889081
7.708709,-0.353193
5.132132,0.300214
6.105105,0.369502
5.678679,0.594676
6.431444,1.472228
6.485986,1.472888
5.840340,1.305030
7.156657,1.905257
5.262262,1.267572
6.189189,1.344300
7.584585,1.258528
7.960961,0.049958
5.554555,0.859144
6.924925,-0.130576
5.246578,1.837451
5.600601,0.760687
6.029029,0.950093
7.768769,-0.249120
5.712713,0.383665
7.480480,0.137416
7.451952,1.638218
5.182182,1.160809
5.212212,1.341162
5.243243,0.474795
7.867367,1.173618
7.657658,-0.122792
6.525526,0.790255
5.617618,1.202628
6.531031,1.347226
6.320821,1.788726
7.342664,-0.363873
7.627127,1.242873
5.748749,0.588890
5.084538,1.340041
7.489489,0.051744
5.111111,0.363614
6.053053,0.831700
6.445946,1.548270
5.173111,1.109138
6.822823,-0.127621
7.481219,1.693574
6.283283,1.281151
5.446446,0.914349
6.364149,0.679768
7.837337,1.263878
5.160115,1.202105
6.773575,0.257787
5.500501,0.715368
7.891892,-0.154730
7.819820,-0.228090
5.612197,0.629693
6.954484,1.481460
6.343343,1.737815
5.645646,-0.238624
5.257802,0.215505
7.591619,0.183618
6.079079,0.949218
7.707207,1.152376
6.012012,0.182999
6.337337,1.278235
6.163551,0.954770
6.058176,0.189343
7.174174,0.377973
7.945369,-0.106942
7.750747,1.956914
5.665165,1.093068
6.278278,1.861802
7.669670,-0.329659
6.153074,0.871560
6.297297,1.372908
6.357357,0.367275
6.454056,-0.151998
6.933934,0.744811
6.798799,-0.298440
7.864865,-0.073606
6.853854,1.230383
7.494494,1.603695
6.533534,1.530519
5.384384,1.022173
7.649650,1.273315
7.883737,-0.185537
7.151009,0.362679
5.420420,0.929897
7.252252,0.416636
5.577578,1.291859
5.124124,1.232669
5.592593,0.772669
6.862259,1.118234
5.489489,0.231940
6.277513,1.324537
6.410911,1.798832
5.565065,1.460180
5.036036,0.125126
7.284284,1.792525
7.693694,-0.203396
5.026026,0.811122
6.021765,-0.164210
5.744745,-0.223775
6.099897,1.354535
6.525166,0.159800
6.878879,1.293583
5.744745,0.517273
5.025417,1.080003
6.459459,0.300779
6.687947,0.774871
5.694695,0.429737
5.798799,-0.217500
6.178178,1.882061
7.699700,1.043037
7.301802,1.804685
5.780781,0.573713
7.379379,1.700042
6.861862,0.642736
7.576577,0.024353
6.934467,1.063074
5.732733,-0.364753
7.951952,0.087148
5.600100,1.398936
5.822823,-0.350420
7.843844,-0.253888
6.786671,1.581497
7.534535,1.344296
6.427367,0.370523
5.654655,-0.325320
6.561061,1.274942
6.115115,1.047808
6.865822,-0.373883
6.013013,1.660395
5.900901,0.604448
7.899900,1.236768
5.614615,0.504393
5.965465,1.426680
6.445445,0.869359
5.376376,1.149953
7.540541,0.129502
7.904905,1.305522
7.705706,-0.203395
5.775275,1.248018
5.538539,0.821095
6.775776,0.582628
6.575701,-0.399571
5.702703,0.389635
7.184646,0.111443
7.186186,0.559068
6.428428,1.804651
7.966967,-0.027244
5.960961,0.035208
5.697455,0.204116
5.797798,1.127947
5.759760,-0.301877
6.868869,1.341441
5.460460,0.979884
5.831832,-0.295958
6.225726,1.865455
5.682683,0.499509
7.814815,1.176453
6.145646,1.763988
5.732733,0.378381
7.075362,0.768393
5.050050,0.988894
6.199199,1.197927
7.519520,1.573858
7.396396,0.412294
5.917918,1.413772
5.830314,1.896054
5.338338,1.197999
7.582082,1.260640
6.155656,1.821133
6.243243,1.821206
5.002002,0.781718
5.966967,-0.047294
5.222222,1.141697
6.387387,1.241287
6.246246,0.526859
7.115050,0.523508
6.384384,0.404529
5.532533,1.499125
6.843844,-0.313085
5.517525,1.707676
6.529530,0.863899
7.367501,-0.491424
7.642142,1.122986
6.473473,1.593536
6.040541,1.736336
6.549550,0.056163
6.621121,1.336700
6.006558,0.101477
6.706206,1.255690
6.033457,1.552657
6.579580,0.639145
7.703359,1.454592
6.678679,-0.162487
5.636637,-0.058800
5.478478,1.000333
6.027027,1.021527
5.040040,1.084042
7.418215,0.146630
7.629630,1.306188
7.384384,0.366654
7.051051,0.300936
6.522523,-0.000679
7.506368,1.195496
6.589590,0.632432
5.733016,0.582647
6.840841,-0.192065
5.342342,0.573351
7.243243,0.534716
7.862362,1.111732
5.973371,1.802765
6.458458,1.680114
5.730731,0.475566
7.948949,-0.085399
5.148148,1.173434
7.996997,0.119117
5.651652,-0.178918
6.165666,1.844147
5.990991,0.954500
6.248248,1.805047
5.402402,0.945515
6.503504,0.897702
6.315816,1.889611
7.692192,1.206955
7.285285,0.419729
6.687688,-0.175503
7.233034,1.494270
6.677678,0.442392
6.768769,1.148989
5.154154,1.262120
5.925425,1.395970
6.766266,1.099351
6.796441,1.517164
6.898899,1.308654
5.924925,0.723374
5.146173,0.110278
5.622623,1.298566
5.225051,1.768377
5.678679,-0.317222
5.246246,1.284205
5.818801,0.171142
6.645646,-0.181283
5.084596,1.662123
5.742743,0.497746
6.906406,1.191866
7.008702,-0.214128
7.234234,0.645170
7.522523,-0.019493
6.453453,1.593009
5.644772,1.612562
7.621622,-0.154505
7.374374,1.740877
7.852535,0.728951
6.035035,0.997807
5.006006,0.140524
5.770771,0.497937
6.333333,1.995778
5.700701,0.359347
6.282282,0.409286
5.098098,1.183056
7.414784,1.186938
7.696697,-0.238398
6.313700,-0.033023
5.459459,0.227328
5.210210,0.405008
6.495996,1.561086
7.634635,1.306004
5.672673,0.370136
6.306306,0.459147
5.606607,-0.019225
5.390390,1.208323
7.807808,-0.345818
7.153153,0.328633
6.663664,0.524854
5.958959,0.801598
6.243243,0.497925
7.512012,1.377633
5.420420,0.344418
6.078964,0.341498
7.882883,-0.020120
6.923924,0.658394
5.092092,0.944993
6.615616,0.702178
5.087087,0.227905
5.978979,0.145514
5.473325,1.989240
7.406907,1.637660
7.546547,0.087892
7.770263,-0.295795
5.074074,1.148934
6.075075,0.345260
5.322322,1.277103
7.324324,1.851808
6.336336,0.351674
7.727227,1.025959
6.030030,0.181028
6.716216,1.161399
5.657658,-0.086922
6.409409,1.148161
6.388388,1.715536
5.004004,0.883658
6.507751,-0.293236
5.782783,0.455064
7.167706,0.381372
6.571071,1.399663
7.138861,0.295196
5.610110,1.369391
7.243029,1.549940
6.349064,-0.203678
5.284284,1.179321
5.869804,1.104629
6.858859,-0.211371
7.354354,1.726756
7.254254,1.909200
6.499499,0.786406
7.884013,1.871149
5.234234,1.272523
7.968583,1.177405
5.710210,1.069671
5.312412,0.317313
6.705706,0.324791
6.835836,0.608741
5.280489,1.128476
6.318433,0.689101
7.261762,2.015473
5.742743,1.156323
5.990991,0.129572
5.879880,-0.147752
6.799800,0.344085
5.002330,1.303401
7.465465,0.101536
6.440941,1.652710
5.012012,0.275206
5.627628,-0.117759
6.671672,0.389520
6.902409,0.410184
7.138352,0.149708
6.137137,1.066009
6.585586,0.700060
6.153153,1.073811
5.156156,1.253429
5.912913,-0.117775
6.498498,0.142801
7.028681,1.483936
6.335335,1.290542
5.820821,0.584762
6.541542,0.758765
6.901902,0.470078
7.679817,-0.350693
6.723724,1.226600
6.378378,0.451593
6.204204,0.462855
7.585586,-0.041788
6.679680,0.407978
7.614615,1.262250
6.873255,1.935107
5.358358,1.221590
7.261261,0.605707
5.630130,1.185141
5.042042,0.887654
7.168168,0.425164
7.334334,1.895941
5.969970,0.150946
5.692693,0.502995
5.054054,0.246699
7.709710,1.228170
7.618032,0.917126
6.098098,1.713930
5.423423,0.373738
6.777843,1.034908
5.272272,1.182883
6.552553,0.105338
6.728729,1.178169
6.915916,-0.142058
5.464464,0.946806
5.560561,0.668255
7.809602,0.266027
6.961461,1.439387
6.586086,1.259629
7.782282,1.085118
6.527528,0.707639
5.490287,0.549595
7.934935,1.285786
7.394437,-0.058883
5.677551,1.812999
7.822322,1.240697
6.003770,1.838682
6.561562,-0.035573
5.852853,0.507155
6.423008,1.176167
6.923924,1.374817
5.792793,0.436135
6.205706,1.989115
5.202202,1.232669
6.733734,1.147232
7.947447,1.429867
5.162162,0.404758
5.164278,-0.494577
6.958959,1.317567
6.646841,1.273634
6.955559,-0.368456
6.721221,1.177291
6.718410,0.730754
6.031031,1.010558
7.054448,0.933698
5.454454,0.833388
5.346440,-0.427547
5.617648,-0.176470
6.731732,0.488796
7.859183,0.765716
5.895395,1.216055
6.155693,0.758374
5.920420,1.429364
5.984985,0.884385
5.717718,1.235009
6.588905,0.961439
5.253451,-0.152940
5.020683,0.963727
6.793794,0.341455
5.850851,0.579097
6.886386,1.194814
5.861862,-0.275253
6.443443,0.946641
5.092413,1.504675
7.876877,-0.252901
7.967467,1.536715
7.586038,1.242243
6.021021,0.972077
5.705706,-0.234373
6.511011,1.609639
7.686028,1.570097
6.361361,1.232422
5.914915,0.559140
6.881882,0.430457
6.120120,0.449684
6.519520,0.763957
7.298017,1.056583
5.975976,0.135468
5.827937,0.144300
5.570070,1.465916
6.122919,1.545503
5.837838,-0.109973
5.868869,0.427803
6.744745,-0.267733
5.354354,0.412118
6.239062,1.794062
5.180180,1.293721
5.225225,0.528479
6.818819,1.154180
5.836619,1.751531
6.069219,0.912445
6.220721,1.799476
7.161024,1.630951
5.194194,1.253401
6.150651,1.763906
6.077060,0.282310
5.483483,0.270446
6.121121,1.004526
5.740741,0.533041
5.910410,1.318245
6.555556,0.840583
5.950450,1.492496
7.107140,0.340880
6.448448,1.668892
6.879880,0.701699
5.310310,1.228675
7.997497,1.569773
6.719720,0.540921
5.412412,0.944974
6.073073,1.135116
5.444444,0.156380
7.909910,-0.068827
6.279279,0.592983
6.015015,0.183008
5.660743,0.304169
6.863864,0.677944
6.251251,1.279997
5.132132,1.160490
7.162162,0.525891
6.885226,0.339621
5.309257,1.610165
7.192192,0.497847
5.886131,1.077488
5.454422,0.527189
5.699700,-0.167818
6.307307,1.180817
5.362309,-0.286345
6.156156,0.399537
7.767267,1.249613
7.822823,-0.124527
6.028300,0.583350
5.245635,0.267368
6.249249,1.114294
7.316253,0.643188
6.834835,-0.103356
6.526026,1.409080
5.522500,1.440070
7.325065,0.609364
6.296723,1.758517
6.396396,0.379128
5.447447,0.302921
5.812813,1.206405
5.633634,-0.126384
5.014014,0.772516
5.410230,0.968709
6.305305,1.252323
5.929212,-0.278252
6.150150,0.469275
5.417417,0.275744
5.224224,1.384489
5.468468,0.098824
6.515516,0.938509
7.652152,1.107073
5.234234,0.627199
5.177177,0.606744
5.096096,0.340256
6.108108,1.719650
6.435435,1.141552
7.821821,0.297238
6.833834,0.504207
5.946947,0.721629
7.807837,1.217436
5.774381,1.864872
7.802302,1.167344
7.063063,0.242814
6.030531,1.539758
6.504505,0.175482
6.795796,-0.226666
6.345846,1.736431
7.849850,-0.165408
5.306306,1.105544
6.791792,0.541057
5.566567,0.816319
7.018018,0.100720
5.414414,0.922196
5.424676,0.647612
7.619117,1.191519
7.509510,1.615707
6.701201,1.254893
7.171672,1.898584
6.513514,0.898635
6.313313,1.889171
5.912913,1.410253
5.747748,-0.282027
5.561949,0.069197
5.755255,1.020020
6.088088,1.836066
5.776777,0.457129
7.807307,1.110405
6.337524,0.843193
6.323323,1.238650
6.657495,0.321826
6.856356,1.201227
6.222222,0.464759
7.193283,0.529136
6.943944,0.805752
5.922923,1.429707
5.204204,0.513676
7.192181,-0.078550
6.015159,1.129078
5.696697,0.417326
5.970971,0.806703
6.445620,1.060013
5.802803,1.118571
7.432432,0.284826
5.948949,0.729863
7.290997,0.735147
5.934514,-0.072216
6.346791,0.796741
5.817818,1.094239
6.163163,1.894884
6.063063,0.282814
6.528529,0.046629
5.789336,-0.409081
7.559560,1.323882
5.580581,0.756884
7.077621,-0.280314
7.921144,-0.216945
6.755756,0.460906
6.870871,-0.119509
5.094094,1.194626
7.474474,1.668442
6.315315,1.235021
7.021021,0.118902
6.825826,-0.297906
5.233379,0.972892
5.957958,1.542713
7.662162,1.243715
6.173173,1.325270
7.780974,1.216980
5.819820,-0.327247
6.384396,1.273098
5.555556,-0.099478
7.352516,1.557861
7.696991,1.163718
5.954955,0.082312
6.222505,0.645907
7.069069,0.241535
6.717718,0.446675
5.012012,0.868081
5.156156,0.480294
5.293247,0.959777
5.351351,0.527148
7.923798,0.320183
7.229229,1.807948
7.349349,1.750861
6.679293,1.185382
5.505005,1.620240
5.286286,1.364627
7.159159,1.813732
7.519520,0.162034
5.826827,0.591819
7.650830,0.247199
6.385886,1.677824
6.773774,1.221833
5.152152,1.087932
6.797306,-0.398821
6.516517,-0.000528
5.874630,0.971823
6.313313,1.075027
5.534535,0.095988
5.000000,0.155464
5.492492,0.232344
5.711389,0.106006
7.252437,0.933361
5.206388,-0.101871
5.870370,1.325798
6.911912,0.776633
7.216717,1.833563
7.912096,1.002945
7.549550,-0.110496
6.331331,1.299650
6.997443,-0.021266
5.552553,0.088119
7.117796,0.660158
5.550056,0.806740
5.660160,1.128685
5.574889,0.947282
7.249249,1.859041
6.723724,0.594927
7.345898,0.454809
7.750751,-0.373007
6.688689,1.091522
7.688196,1.572156
6.531532,0.872134
7.194194,1.979847
6.159159,1.244472
7.976667,1.801101
6.198198,0.498924
5.550050,1.290285
7.669670,1.089517
7.316817,1.936163
5.902903,0.701845
5.870871,0.700056
6.145111,0.042431
6.591091,1.264945
5.039039,0.273007
6.813837,1.948750
5.015009,1.699263
5.630631,0.666782
6.265766,1.913688
5.204204,1.161211
7.316675,0.879507
7.734848,1.890376
5.848540,0.706496
7.492396,1.415357
6.463688,1.178895
6.576577,-0.163632
5.199581,0.763152
5.902903,1.398986
6.961962,0.688946
6.235235,1.113177
6.053053,1.552926
7.789790,1.028970
6.417417,0.385965
7.271772,1.801435
6.159159,0.374192
5.602603,1.245752
6.995996,0.801505
7.076577,1.776972
7.887938,-0.121924
6.160661,1.963659
7.939940,1.482953
6.907908,0.537569
5.283147,1.760960
7.667167,1.159704
5.435435,0.158959
5.726244,0.169977
6.225225,1.269297
5.963964,0.120165
5.912913,0.669170
5.319934,1.456818
7.454454,1.603842
5.639640,-0.270470
5.051051,0.349615
6.523524,0.821718
6.568569,1.448692
7.459459,1.529694
7.039039,0.282697
6.916061,1.106617
7.674675,1.151361
6.836327,1.991959
7.116617,1.888064
7.792292,1.042554
5.670671,0.513329
6.405405,0.963168
7.003857,1.495646
7.528529,0.011097
6.013045,1.351590
7.912412,1.433161
6.288288,0.512745
6.681682,-0.290077
5.796797,0.383273
6.309309,0.417760
6.261261,1.291390
5.952953,0.624820
6.217849,-0.163059
7.371872,1.698928
7.534535,-0.070859
5.704466,1.680339
6.621622,-0.194721
7.124124,1.831661
5.152359,1.449365
6.882883,-0.188529
6.657774,0.309339
6.065566,1.797393
6.909254,-0.262031
7.210210,0.596545
5.192192,1.327157
5.473270,0.338130
7.966951,1.489134
5.314314,1.273532
5.971309,0.004871
5.740240,1.102461
5.252252,0.433197
5.292292,1.092456
6.135135,0.396062
5.834835,-0.235934
7.502002,1.622353
6.131131,1.215537
5.640641,0.557936
5.845810,1.876360
5.171171,0.441881
6.581702,-0.084649
7.075075,0.260702
7.250137,0.161895
7.714715,-0.376068
5.090090,0.392721
5.780781,-0.256569
7.471553,0.129349
6.439439,1.078082
5.575966,0.973936
7.772272,1.048082
6.742319,0.139509
5.708709,-0.183380
7.339339,0.346913
5.482653,0.462993
6.753754,1.084153
6.950160,0.832441
5.676677,0.578192
5.047535,1.836215
7.352602,1.721324
5.752753,0.377726
5.758759,0.343558
6.123123,1.137568
5.804805,0.329537
7.522022,1.514435
5.189189,0.573377
6.411411,0.378231
5.834839,0.690135
5.343659,1.693515
7.678679,-0.144634
5.288288,1.315579
6.675676,-0.309366
6.725726,0.392553
6.430931,1.781064
6.864865,-0.103673
6.214915,0.374677
6.845325,1.079889
5.969687,1.650048
5.364254,-0.046182
7.654655,-0.104029
6.489489,0.796592
5.727728,1.142905
6.606106,1.397424
7.989990,1.591178
5.866867,0.554059
5.211416,1.803763
5.108108,1.052007
5.466466,0.823893
5.802803,0.512533
6.052449,1.035413
7.739740,1.072859
6.427427,1.014919
5.774775,-0.243555
7.844845,1.231195
6.399295,-0.393155
7.285769,1.192472
6.317317,1.204022
5.325308,-0.258320
5.962963,0.676799
5.150150,1.284316
6.213213,1.967919
6.055519,1.925426
5.835122,0.225316
5.936937,0.009188
6.250751,2.010942
5.655155,1.303222
6.971471,1.364164
5.801802,-0.134317
7.847347,1.110926
7.486801,0.074325
6.553554,1.419671
7.437399,0.641452
6.425926,1.807037
6.523524,1.550887
7.729730,1.134535
5.544410,1.781674
6.377377,0.978587
5.810811,-0.156478
7.726727,-0.342747
6.168168,0.525987
5.409518,-0.318264
6.889890,0.707780
6.751251,1.228320
6.806306,1.249956
5.942943,0.765289
5.876877,-0.188032
5.378378,1.261318
5.496496,0.783454
6.126126,0.409524
6.133970,1.566847
7.054054,1.640836
6.338338,1.813283
7.861088,1.263292
7.362440,0.162103
7.741742,-0.351703
5.214214,1.279893
5.075075,0.315704
6.228228,2.037644
6.782820,-0.208730
5.931915,0.898768
6.558559,0.037499
6.368368,1.907155
5.934935,0.642627
5.540040,1.421601
6.569570,0.786534
7.569570,1.250818
5.707708,1.109423
7.704705,1.195877
7.594595,1.235395
6.993994,0.769435
5.697698,1.238324
6.453453,0.872640
5.022022,0.844710
5.772773,0.521238
6.001001,0.871903
5.261261,0.432159
5.906907,0.773318
7.407903,0.755751
7.021522,1.532156
6.667668,0.368764
6.408408,1.670152
7.547047,1.391700
7.417888,1.884841
6.068068,1.767094
7.651652,-0.096650
5.590591,0.607623
6.119119,1.259249
7.143717,0.880978
5.765766,-0.319176
6.441441,0.392361
6.833292,1.157274
6.072072,0.280510
6.265265,1.114610
6.815816,0.523775
5.567568,1.413114
7.147147,0.547178
5.423055,0.860597
5.178977,0.129872
5.751823,-0.213342
7.270270,0.621004
5.796474,-0.116691
5.512513,0.910946
5.993109,0.358217
5.918919,-0.053689
6.855856,-0.293156
6.646146,1.092931
6.911411,1.266611
7.525526,0.077540
5.543544,-0.004968
7.522991,-0.329932
6.575361,1.054806
7.387387,0.366852
5.140140,1.155054
5.775585,1.698386
6.140641,1.820535
6.451451,1.048003
7.249249,0.419814
7.031532,1.495963
5.429429,0.202053
5.010010,0.770947
6.209209,1.333288
6.069069,1.154570
6.457457,1.066514
5.081081,0.364628
5.471471,0.197228
5.170170,1.166277
6.676176,1.207780
6.148148,1.944640
5.805766,0.674466
7.982482,1.534998
6.953954,1.440210
6.711712,-0.175237
6.972973,-0.006429
5.987988,0.139780
5.306306,0.455335
5.677140,-0.237181
7.723724,-0.279762
6.087087,0.255326
5.208208,1.146244
5.840841,0.570464
6.342342,0.335489
6.751752,0.414759
7.304905,1.870140
6.540541,0.027709
7.675676,-0.272680
7.210103,0.180980
7.677177,1.081393
6.971972,0.767898
6.547916,0.100052
7.499144,1.325686
6.741742,0.506854
5.682683,1.139449
5.267267,0.454818
7.156156,0.582267
6.161469,1.603258
5.163499,0.365537
5.458458,0.889832
6.757758,0.503549
6.045045,0.309503
6.792793,-0.360062
7.684685,1.081161
5.441441,0.183088
6.219219,0.626934
5.880881,0.439409
6.200701,1.855700
6.483483,0.243299
6.057057,0.875350
5.394394,1.027541
6.165165,0.377330
7.390390,0.401447
6.908909,1.240788
5.695195,1.134160
5.596597,0.570635
6.581349,1.320598
6.488488,1.431976
7.693216,0.155264
5.754478,0.779778
7.924925,0.049467
6.998999,1.606810
5.444444,1.074650
7.503416,0.813759
7.239210,0.656465
6.429429,0.199675
6.909910,-0.097574
5.940941,0.819440
6.474735,1.617097
5.820320,1.163585
5.031072,1.878182
7.504505,1.620907
6.191191,1.090137
7.341842,1.894205
5.545045,1.451782
7.914915,1.346040
6.596096,1.235999
7.137706,0.322278
7.062808,1.337042
7.289636,1.886584
5.681682,-0.245904
7.624625,-0.048567
5.052879,0.374764
5.956957,0.661561
7.780781,-0.167608
5.480666,0.914475
7.789790,-0.338584
5.546547,0.852880
7.375375,0.471751
7.734735,1.189408
5.250250,1.279359
6.608609,1.329772
5.874848,-0.123998
5.518519,0.815997
7.996152,0.112237
7.255255,0.432698
6.501505,-0.189042
6.517518,0.907544
6.231231,0.515800
7.126126,0.393999
5.495495,0.261080
5.450450,0.216535
7.279279,2.003088
6.525526,0.039516
7.309309,1.864316
6.708220,-0.043459
6.285285,0.436138
5.810310,1.084311
7.645646,-0.115184
7.105105,0.376716
5.937938,1.265597
6.219219,1.273588
5.972796,0.589554
6.612723,1.837396
5.421308,0.680230
7.483935,1.825307
6.080581,1.764624
7.191692,1.960670
5.350350,1.287717
5.996997,0.825357
6.581582,0.653396
6.547460,0.016725
6.179179,1.292265
6.759760,0.598413
5.117601,0.311884
7.108108,0.463720
6.601101,1.210997
6.873874,-0.268612
5.296296,1.169329
6.237092,-0.107755
5.438438,0.373409
5.165165,0.487734
7.237237,0.493815
6.922645,-0.104812
5.894895,-0.083041
7.012012,0.225844
6.897779,1.158838
7.977477,1.565319
5.508509,0.796561
5.136136,1.078917
5.606983,0.655363
7.643790,1.483885
7.192308,0.426330
6.171171,1.306553
7.330330,0.542977
5.728729,0.443601
7.937437,1.264108
5.488488,0.867998
6.966466,1.516751
5.600216,0.196398
5.332332,1.089152
6.648649,-0.249232
5.875375,1.138323
7.319123,0.301858
7.246246,0.547743
7.327327,0.521848
5.715425,1.592759
5.788789,0.438506
6.831832,-0.316363
5.468468,0.949698
7.348348,0.374270
7.354354,0.566811
7.346847,1.729688
7.184094,1.127557
6.090090,0.432358
6.867868,-0.128039
5.608609,0.673423
6.120621,1.813892
6.871371,1.278920
7.207207,0.543780
6.588589,1.255493
7.854855,1.104103
5.389408,0.647290
7.816817,-0.354444
5.652653,1.137573
7.759760,-0.185136
5.916917,0.769138
6.709710,0.588642
7.242138,1.906314
5.632610,1.694923
7.924925,1.284544
5.573574,0.068609
7.325420,0.749952
6.207207,1.278822
5.160160,1.050351
5.480480,1.022511
6.091918,0.226470
5.477956,1.644068
5.767768,1.080673
5.564565,0.085864
5.028028,0.921201
7.136637,1.886058
5.032032,1.048552
6.005005,0.794031
7.517276,1.329790
5.138138,0.446657
6.625626,0.602671
5.432432,0.246866
6.747748,-0.392407
7.231732,1.867061
6.447447,0.241197
5.945445,1.290511
6.310811,1.953044
7.660661,-0.096783
6.157157,1.244867
6.976476,1.417023
5.810609,-0.079644
5.064064,1.095713
5.672673,-0.226682
5.734735,0.482694
7.842698,0.222320
7.514221,1.468349
7.742242,1.033367
6.018018,0.089150
7.586158,1.634071
5.359242,-0.327861
5.614119,1.452073
5.801331,-0.362173
5.472472,0.924791
5.753106,1.853005
5.094678,0.719504
6.228228,0.403757
6.089089,0.990630
7.081675,0.674583
5.888889,0.684948
6.713714,1.189534
5.675175,1.091938
6.060561,1.715894
6.723724,-0.284279
7.859810,1.649397
5.988989,0.814390
6.938211,0.175295
6.546046,1.430427
5.309309,0.415435
6.449449,0.954866
6.145565,1.521457
6.201201,1.354358
7.756757,-0.172809
7.560797,1.354378
6.321321,1.227677
5.906907,-0.114745
7.207916,1.419137
5.312312,1.184387
5.273273,0.490876
5.030030,0.169143
5.827151,0.755834
7.557057,1.336551
7.455031,-0.369118
5.942943,1.485459
5.780204,0.793436
6.961525,1.702524
5.072072,0.176177
5.302302,1.098161
7.471471,0.170161
6.729730,0.404928
6.215716,1.968799
7.363785,1.578381
7.831293,-0.434945
6.099099,0.317466
5.005156,1.764589
6.054054,0.156574
5.620120,1.160655
6.813812,0.077994
5.640140,1.238085
5.830831,0.560625
6.717037,-0.026037
5.046046,1.070610
6.743744,0.582708
7.912470,0.449389
6.015015,0.798350
6.185686,1.796709
6.963964,0.858369
5.102102,1.162432
6.901319,1.929406
7.294294,0.596838
5.206206,1.271078
7.743770,1.943917
6.746246,1.220290
5.876877,0.469240
5.290154,1.792871
6.813814,-0.133303
6.293293,1.833208
7.181682,1.921417
7.907407,1.261443
6.230731,1.982646
6.470971,1.515985
7.106607,1.657039
6.933983,0.305885
7.714715,1.228783
5.625125,1.235306
7.717718,-0.171533
7.326827,1.831979
6.954955,0.034731
6.423423,1.816756
6.986486,1.504549
6.123123,0.504711
5.507508,0.049305
5.279279,0.474074
5.126126,1.035068
5.076076,1.092105
6.385385,1.002172
5.882883,-0.116861
7.972472,1.392934
5.489375,-0.040610
5.364968,1.848594
5.514515,0.696276
6.042042,0.116007
6.597598,-0.151076
6.255255,0.487049
7.274274,1.826405
6.387387,0.299246
6.621332,0.711280
5.060060,0.196121
6.720721,-0.210851
5.346346,1.233310
6.761261,1.224031
7.679680,1.090888
5.621622,-0.053438
5.864865,-0.239895
5.105105,0.418606
5.188188,1.145741
6.788789,1.084505
5.300300,0.396844
7.798799,-0.253664
7.848353,0.843945
6.291291,1.132829
6.017139,1.355063
5.522523,0.657476
5.254254,1.200690
5.884885,0.499828
6.867868,0.550848
6.885886,-0.030963
6.977978,0.650423
5.777778,1.045937
7.903701,-0.412400
6.801301,1.085636
6.839840,0.483575
6.300801,1.829194
6.218218,1.963422
5.864865,0.404594
5.486486,0.107546
7.957958,-0.059076
7.342742,1.282796
7.231231,0.421445
7.954955,-0.021313
5.484484,0.791259
5.547926,0.405604
5.056056,1.123889
5.792793,-0.182512
6.632243,1.180867
6.231231,1.386098
5.172172,1.125165
6.783784,-0.217092
7.879486,1.411861
7.526903,0.749443
7.603604,-0.150099
5.199134,1.212341
6.208380,0.505002
5.750250,1.230889
7.491633,-0.013053
7.985864,0.582897
6.253253,1.350552
7.094094,1.863496
6.703704,0.402451
5.254042,-0.467092
5.345345,0.431076
7.696747,1.135447
5.248248,1.200775
6.435936,1.686826
6.221353,0.597130
5.850350,1.155335
6.069069,0.269324
7.905651,1.209471
5.034034,1.045174
5.088088,1.041579
5.561562,0.005942
6.663664,-0.112188
7.216216,0.490521
6.803804,0.528837
7.654655,1.119227
5.720721,-0.174031
7.549330,1.766751
5.737738,1.170649
7.632132,1.194350
5.804805,-0.347785
5.303303,0.587987
5.141141,0.506523
5.324745,0.936126
7.884177,0.726824
6.280781,1.862734
6.645646,0.655649
6.463463,1.008321
5.237237,0.434294
6.873874,1.138170
5.007554,1.942913
7.411912,1.657827
6.732733,-0.382404
7.867868,-0.199093
7.797297,1.106406
6.366366,0.353121
7.888889,-0.116384
5.854855,0.624639
7.813814,-0.250022
5.788830,1.505596
6.876877,-0.045209
6.460553,1.304664
5.238238,1.129882
6.872974,0.801919
6.203203,1.877378
5.497878,0.224899
7.061562,1.790730
5.408408,0.338043
6.459459,0.892852
5.578579,0.612335
6.656156,1.072619
5.116116,1.186331
6.896396,1.217676
5.898899,0.644783
5.239888,1.480064
7.482743,1.549738
7.089089,1.736791
6.041041,0.923316
6.935936,0.684700
7.071572,1.646378
5.168168,1.105757
7.487491,0.128893
6.643644,0.576093
5.110110,1.212086
6.804805,-0.215535
6.817818,0.369592
7.004004,1.523460
5.114114,0.472304
5.117709,0.137918
7.423423,0.339452
5.294294,1.149089
5.168168,0.417878
6.653072,1.769796
7.687187,1.194978
7.722222,1.026520
5.540541,0.104668
6.427108,0.831963
5.462462,1.012175
6.468468,0.212913
7.859666,0.748384
5.042042,0.343170
7.597097,1.374773
5.835335,1.147615
6.333333,1.079482
7.449449,1.662553
6.405405,0.331616
5.060884,1.977604
6.708709,1.182574
6.849850,-0.274521
5.663664,-0.198620
6.651652,0.651067
7.204204,1.873851
5.043321,1.367507
7.753754,-0.308323
6.492492,0.263161
5.072072,1.000243
7.297071,-0.002318
6.245245,1.274986
5.178178,1.345950
5.626037,0.948519
6.394302,1.177298
6.919920,0.579756
7.607107,1.192522
6.262706,0.786985
5.337660,0.189012
6.703704,1.077062
6.378030,0.948858
5.513514,0.184986
5.670686,0.458191
6.009009,0.198589
6.627628,0.665644
6.223033,0.843406
7.536633,1.258698
6.008008,1.523219
5.456456,1.079633
5.576577,0.550653
5.664665,0.596748
6.828829,1.144302
5.985485,1.541525
7.558559,-0.080278
6.859860,0.424283
7.778097,1.461646
5.935435,1.350151
7.515113,1.304006
5.762763,-0.161531
5.147147,0.492936
5.129129,0.299045
6.367367,1.064578
6.711712,0.399955
6.815741,0.741090
7.833853,1.883019
7.839915,0.499145
5.092888,0.623628
6.991491,1.502362
7.416917,1.623399
5.176332,0.743235
6.501502,0.958576
7.844394,1.109846
5.650651,0.531724
6.278440,-0.107518
7.353081,1.695677
6.833834,1.303864
6.079034,0.843508
6.144144,0.405318
7.329329,1.849086
6.537538,0.657675
6.909910,0.574490
7.834009,1.648437
5.802138,0.087796
5.648649,-0.231664
6.731231,1.054585
5.760260,1.060262
6.624625,-0.127709
6.160276,-0.438345
6.987988,0.863076
7.180180,0.455250
6.075075,0.990627
6.878858,0.299514
5.492492,0.810312
6.353353,1.221779
5.266266,1.163301
5.595095,1.242192
6.460351,0.280856
6.501433,0.878288
6.753754,0.458882
7.849850,1.138744
6.123123,1.822732
6.606607,-0.246544
5.108108,0.279611
5.967400,0.043128
7.072669,-0.061620
7.420420,0.273602
5.692693,1.252069
6.765766,0.571772
6.693694,1.264410
6.105105,1.133578
6.050551,1.659649
7.366366,0.502361
7.456456,0.191486
6.777778,0.462086
6.352344,1.980750
7.837838,-0.152553
5.594626,1.782593
5.219715,0.025259
7.753544,1.911536
6.915916,0.692951
5.770270,1.072744
6.733734,0.445931
6.354354,0.427625
7.609610,1.237073
5.852853,1.266061
6.627628,-0.136869
5.575075,1.340436
6.471471,0.999128
7.311553,0.606848
6.048048,1.554217
7.324036,1.687530
6.673388,1.775572
7.060060,0.284899
7.774775,1.014927
6.837838,-0.315715
6.133438,-0.445939
6.583584,0.499671
5.166166,1.314194
6.129129,1.201090
7.257895,1.947753
7.697197,1.147009
7.846847,-0.277813
7.345345,0.438361
6.081416,0.159018
5.780280,1.145744
6.824725,0.603048
5.366366,0.489631
7.200237,0.667811
6.929930,0.714422
5.138138,1.142141
5.865365,1.276681
6.901401,1.413689
5.134134,1.164562
6.885886,0.593701
6.178586,1.218307
6.147147,0.505860
7.489423,-0.245560
5.520521,0.858901
6.465465,1.077352
5.516517,0.885507
6.810811,-0.206774
7.588736,1.803889
7.164164,1.789459
7.959172,-0.192216
6.173173,1.868028
5.804231,1.019236
6.549550,0.747022
6.693694,0.556557
6.188188,1.984493
5.711712,-0.173048
7.716602,1.992765
6.071071,0.957032
6.321321,0.429018
7.165165,0.439132
5.742983,0.676234
5.892893,0.631047
6.346591,-0.275079
6.450951,1.568597
5.626627,0.681809
5.672673,1.072890
6.145823,0.350873
7.303303,0.531222
5.619211,1.945664
7.689690,1.156402
5.815315,1.266739
5.112638,0.047569
6.288288,1.844194
6.270771,1.880775
5.264264,1.386241
6.291291,0.440442
6.538539,1.466017
5.850288,1.397120
6.861361,1.174377
5.095546,0.923735
6.503504,1.545110
5.230230,1.156342
5.814815,0.558560
7.339339,1.906625
7.078078,0.292120
7.794795,1.110616
5.240240,1.334636
6.471052,0.061623
6.917918,0.517490
6.216216,0.417161
6.077077,1.061316
6.646683,1.406764
6.903904,0.582676
5.152991,1.553201
5.564565,0.774687
6.465465,0.132735
5.457218,0.919210
5.561009,-0.303893
7.434750,1.945910
5.112112,1.168505
6.417759,0.754787
6.011011,0.990238
6.669670,0.431852
6.773777,1.162908
7.884885,1.309409
5.061451,1.882328
7.134134,1.753829
7.042253,1.761347
7.621431,1.907411
7.968308,0.632936
6.075009,0.702397
5.528529,0.886446
5.872873,0.527291
6.419419,1.170336
6.100601,1.827025
7.899852,1.272147
6.523147,1.697160
5.555055,1.312573
7.834835,1.072745
6.273273,1.859108
7.357357,0.475050
7.024024,1.604066
6.065065,0.983036
5.058058,1.082737
5.048048,0.289108
6.565566,0.748964
6.657658,-0.091452
6.546547,-0.077556
6.017017,0.891953
6.351351,1.162297
5.750751,0.325439
5.597598,-0.121924
5.213213,0.426752
5.490077,0.969135
5.603880,1.363079
6.587588,0.531224
6.120420,0.918302
6.770702,1.563168
5.605105,1.344423
5.218218,1.155601
5.536439,1.842872
6.981481,1.575871
7.033033,0.096930
5.374374,1.001227
7.026527,1.547712
7.226727,1.970455
6.372372,0.375997
5.540541,0.646626
6.947758,0.406160
5.501926,1.380209
6.905906,0.613943
5.516517,0.093982
6.198198,1.859977
5.972973,0.061615
6.305806,1.844231
7.784785,1.152023
6.045721,0.898376
7.744745,-0.228473
6.594595,-0.071027
6.177177,1.160706
7.141642,1.863000
5.318318,0.539876
6.593068,0.540004
5.880380,1.210133
5.932933,1.485767
7.873509,-0.078173
7.537037,1.395597
6.285786,1.955790
7.146647,1.751101
5.336336,1.324738
6.813814,1.118454
6.913914,1.255787
6.537538,-0.035544
5.752753,1.032760
5.635135,1.334295
7.991521,-0.493942
5.548549,0.710513
7.510511,-0.004804
6.654655,-0.247758
6.675676,0.533669
6.487487,0.976613
6.937938,0.795087
5.786787,0.436430
6.006006,0.148272
5.375375,0.452243
7.635076,0.911680
6.684685,-0.136121
5.847848,1.296187
6.101101,0.968860
7.210362,1.654017
6.273273,0.497000
7.499499,1.468357
6.520484,0.959038
6.177177,0.371800
6.417417,1.015929
5.550551,0.735290
6.201085,0.195280
6.784071,0.024290
6.641642,0.579917
5.754755,0.495902
6.946446,1.412006
5.207207,0.502467
5.523645,-0.216967
6.571942,0.623913
6.251393,0.309485
7.276777,2.018850
7.304304,1.891531
5.584585,0.671157
7.472953,0.968167
5.532533,0.898186
7.409409,1.660820
5.745245,1.017998
6.811812,0.397748
6.245746,2.036628
7.477477,0.188149
7.176677,1.892905
5.667999,1.808483
6.308308,1.963332
6.661662,0.588435
7.852352,1.140948
6.289289,1.318239
7.531532,0.153463
6.183183,0.445804
5.130130,1.242217
5.226226,1.332597
5.980480,1.362256
5.982983,0.825015
6.223223,2.023056
7.687688,-0.369027
6.093093,1.082523
5.604605,0.672604
6.929990,1.833384
6.455956,1.758749
5.760761,0.577666
6.339339,1.171383
6.697698,0.535810
7.306807,1.910883
6.295796,1.972549
7.811165,1.372317
7.963964,-0.022020
5.246246,0.418612
5.885886,-0.206109
5.178436,1.922703
6.133133,1.051115
6.636136,1.214092
6.397397,1.078608
7.329979,1.090097
5.421378,0.104672
5.360360,1.148700
6.224862,1.095771
5.387387,0.453027
5.920623,1.096026
6.293293,1.217834
7.516517,0.100166
7.952452,1.505135
7.783784,-0.332209
5.195195,0.416894
6.493493,1.565370
7.670363,0.527198
6.164094,1.175103
6.486018,1.347528
6.279279,1.377627
7.923411,1.587914
5.660807,1.241859
5.741742,-0.300228
7.600601,0.006346
5.184184,1.100393
6.627030,1.894481
5.791496,1.936014
5.077714,0.587624
6.163163,1.138696
6.031057,1.601412
7.969970,0.112684
6.444444,0.378633
7.111612,1.658862
5.990490,1.475329
5.720674,0.688774
7.606067,1.700503
5.347609,0.724594
7.573574,-0.166883
5.832833,0.588569
6.060060,0.291717
5.465465,0.129623
5.927928,1.334926
6.195696,1.957702
5.858859,-0.255741
6.653654,1.286000
6.045546,1.655693
7.150150,0.361824
5.396396,1.080019
5.368973,-0.337416
7.608127,0.561946
6.257568,1.162116
7.579580,0.027367
5.394429,1.419765
7.276276,0.623786
6.783784,1.246230
5.813814,-0.198500
6.968969,1.546320
7.214214,1.927415
5.209912,0.022260
6.023324,1.495992
6.609610,-0.251220
5.938939,0.789062
6.994994,1.697102
6.083083,0.968194
5.510511,0.707675
7.074074,1.726588
7.984985,0.106450
7.837796,1.452819
5.718719,0.566168
6.797798,0.459961
6.564964,1.168519
7.389389,1.767555
5.384622,1.620877
6.180180,0.593740
5.726727,-0.352892
6.916416,1.269418
5.690561,0.255167
6.078078,1.702076
5.040435,0.446911
6.240741,1.972871
5.426426,0.194182
7.567067,1.241586
7.929930,1.332152
7.318318,0.503975
5.425088,-0.429633
6.573574,1.443958
6.535536,0.693482
5.395501,1.783400
6.111111,0.380600
6.021021,0.138684
5.669670,-0.111625
6.153153,1.856114
6.513514,-0.032041
6.512542,1.745555
5.897898,1.389435
7.637137,1.162028
7.591040,-0.297455
7.799800,1.249562
5.396396,0.344547
6.891391,1.371174
5.398398,1.214754
5.476476,1.022018
5.610611,0.459640
5.725225,1.075361
6.069575,-0.439340
6.051051,0.918368
6.873874,0.497236
6.763764,1.247536
7.495495,0.057993
5.099099,0.459225
6.947948,0.837525
6.489489,0.144654
5.726727,0.333294
6.888889,-0.084594
6.330831,1.890827
6.649650,0.428085
6.055556,1.576115
7.765766,-0.379476
7.964965,1.443010
7.416715,-0.439919
7.446947,1.596206
5.542543,1.338212
6.933934,0.057309
7.450450,0.182302
6.685217,-0.338564
6.960961,-0.021150
6.699700,0.398796
6.243243,1.150965
7.636637,-0.266928
6.639640,0.492755
6.956456,1.415171
6.866366,1.177751
6.301301,1.355763
6.975976,0.688441
7.246747,1.855681
7.044044,1.618687
6.041737,0.675251
6.648686,1.144102
6.318318,0.437061
6.771772,-0.185791
5.091260,0.497541
7.199199,1.996479
6.648649,1.285570
7.464464,1.695223
7.049049,1.649785
7.994995,1.472693
6.862112,0.548468
6.381381,1.173279
5.908909,0.753305
5.618619,-0.134793
7.221769,0.224864
5.736737,0.519021
7.712212,1.223135
5.390081,-0.204326
5.276276,1.175680
6.561562,0.818677
5.615616,-0.097060
6.617618,0.601351
6.010511,1.502484
5.849850,-0.253139
6.066066,0.213203
5.235382,0.007667
6.903904,-0.040887
7.201702,1.885737
6.553554,0.801047
7.633634,-0.092380
6.893894,0.637707
5.812813,0.536315
5.369369,0.316281
7.774775,-0.274855
6.156027,0.256891
6.341341,1.173756
5.530030,1.514346
6.551051,1.303255
5.162162,1.185645
6.568565,-0.316663
5.537538,-0.088249
7.394647,1.014056
6.653654,0.394799
6.023023,1.671658
5.994995,0.719648
6.969970,-0.000967
5.260260,1.131458
6.795796,0.367091
5.698699,0.381320
6.450450,0.192088
6.571572,0.722277
5.078078,0.223650
5.258258,0.500888
6.447447,0.996911
6.383383,1.683364
5.844845,0.546173
6.000000,0.163449
5.291291,0.438368
6.093093,0.386561
6.841842,0.389922
7.602102,1.208034
5.118118,1.212572
6.957721,-0.147862
6.633634,0.593018
6.533534,0.815442
6.117117,1.105591
5.590090,1.186630
6.162173,1.606782
6.197187,1.655575
7.474474,0.099574
5.600601,-0.013376
5.888889,-0.079645
6.548549,1.336415
5.093093,0.289102
6.329329,1.202137
5.993994,0.143873
7.291792,1.932872
7.350979,1.431995
7.394394,1.660762
6.926426,1.403338
7.132132,0.298742
6.420420,0.309666
5.504505,0.237388
5.015015,0.235164
7.066066,0.354551
7.750763,1.193892
5.128621,1.420854
6.508212,1.989249
7.336336,0.478093
6.337056,0.420772
7.897397,1.283472
5.624503,0.714265
7.393393,0.271132
6.309309,1.097489
6.779780,0.586370
5.845345,1.150324
6.051051,0.329814
5.766767,0.458534
7.582583,-0.093260
7.936937,-0.145796
5.714715,-0.331247
6.471471,0.278374
7.048048,0.172974
5.665432,-0.025124
5.889275,0.395707
5.551461,1.710320
6.663664,1.125198
6.876376,1.309072
6.643644,1.236288
5.333333,0.568708
7.684685,-0.117271
6.927928,0.711836
7.894895,-0.179891
6.096572,1.660133
5.816817,0.509708
5.009009,0.191531
5.069069,0.248587
5.616617,0.467260
5.762763,0.413233
5.360665,0.710868
5.997998,1.601091
6.127127,1.119411
6.269269,1.336667
5.522523,0.140947
7.902402,1.194041
7.081582,1.791054
6.933934,1.241052
6.175175,1.132557
6.621622,0.688901
6.681181,1.153645
6.161161,1.309166
5.285985,-0.253431
7.825826,-0.290017
5.114114,1.247214
6.825826,0.629448
7.459459,0.333051
7.793245,-0.230501
6.197197,1.188960
5.765265,1.139561
6.033033,1.619498
7.114114,0.402146
7.987988,0.181514
5.448835,1.646187
6.233233,1.878565
5.933956,1.465838
7.019019,1.476561
6.562820,-0.043745
7.086587,1.615011
6.049049,0.995635
6.609610,0.673774
7.802689,0.321745
6.563564,0.665782
6.404564,1.001302
5.440440,1.075596
7.356857,1.836032
7.141537,-0.301683
6.381381,0.293610
5.746027,1.732525
5.960961,0.805371
6.573574,0.008272
5.789790,-0.275645
7.471972,1.586862
5.195057,0.622150
5.120120,1.018293
6.576076,1.377546
7.099099,0.267094
7.424424,1.630188
5.592593,1.211753
6.801802,-0.170845
5.992993,0.864067
7.942943,-0.014927
6.003003,0.160214
5.771772,-0.307727
6.341311,1.077707
7.572072,1.349645
6.253253,1.973697
5.232232,1.329199
7.682182,1.086774
7.024943,-0.424632
6.838839,1.137178
6.989990,0.680044
5.842843,1.161521
6.536036,1.375737
5.582583,1.267131
6.267267,1.195033
5.838839,0.534759
6.809326,1.251671
6.259259,1.261747
6.268268,1.861189
6.724687,1.458378
7.496997,1.603241
7.141141,0.536437
5.379371,1.204433
6.432009,0.268347
6.490991,1.612088
6.771271,1.149849
7.061552,1.920856
6.655051,1.692173
7.777778,-0.310020
6.543544,0.027975
5.598359,-0.034024
5.952953,1.390769
5.099687,0.384552
7.663664,-0.261416
7.927928,0.049580
6.578012,0.159375
6.985986,0.801622
6.105606,1.719817
6.963964,0.062573
7.872372,1.150447
7.401902,1.746801
5.328328,1.167353
6.396613,0.959924
7.224224,1.947514
7.241742,1.906072
6.379379,1.190207
6.967968,0.717062
5.382382,1.201434
5.106106,1.216194
6.345345,1.108979
5.552553,0.754156
5.747748,1.122812
6.365866,1.780844
5.418418,1.157447
7.657157,1.207191
5.192192,0.423814
6.776276,1.113864
7.978979,0.063576
5.792793,1.072415
7.511952,1.590055
5.998999,0.832474
7.024024,0.142679
6.591592,0.563259
5.724725,0.353512
5.135135,0.382271
7.166667,1.893994
5.807808,-0.165664
5.710711,0.568323
5.715215,1.225743
5.942943,-0.050923
6.695696,0.368951
5.606607,0.492433
5.768769,-0.318449
6.983984,0.794058
6.311311,1.147595
5.330330,0.481792
5.558559,-0.099598
6.711211,1.057572
5.472481,1.134830
5.787396,-0.114489
6.762763,-0.292651
6.422680,1.598450
6.431431,0.891956
7.102102,0.365816
6.481481,0.835457
7.018832,0.088631
7.432424,1.796254
6.461461,1.055111
7.090090,0.232428
5.632633,1.343588
6.009009,0.891370
6.539197,0.881855
7.125141,1.929772
7.295068,0.899436
7.144144,1.789451
5.886887,0.622577
5.714715,0.411868
7.076309,0.962169
6.679127,-0.450474
5.587871,0.912565
5.131552,0.090639
5.980981,0.684091
7.498498,0.019788
5.344344,1.114006
5.405405,0.373506
7.211712,1.917111
6.973974,1.382004
6.807808,0.527430
5.634635,0.653907
5.800300,1.070056
7.312312,0.609737
6.965966,0.830734
6.785786,0.342014
5.436553,0.312661
6.948949,0.020911
5.867868,-0.137937
7.747247,1.103934
6.928929,1.250115
5.716717,0.444677
5.955455,1.310589
6.570839,0.509948
5.323293,1.978337
7.121622,1.737964
6.063063,0.988671
6.013475,0.178902
5.045045,0.140277
6.099099,1.039051
6.738739,-0.164704
5.852853,-0.104760
6.707708,0.455465
7.087087,0.344840
5.612613,-0.095188
6.789345,0.408441
6.358358,1.956928
6.651151,1.311707
5.932933,0.600585
6.861862,-0.173436
5.142142,1.165105
6.831331,1.166765
6.749464,0.415085
6.690691,-0.264787
6.434221,-0.035153
5.159159,0.535635
5.078078,1.161000
5.348348,0.355531
6.117117,0.296262
6.135135,1.116695
7.036537,1.510551
7.962462,1.543334
5.624625,0.701774
6.324324,0.597168
5.974975,0.788884
7.990991,0.006665
6.370871,1.804519
6.997959,1.478689
6.132132,0.341954
5.338353,-0.467192
6.532394,-0.260548
6.869870,0.585054
5.603604,-0.030080
6.258258,0.611500
6.184045,1.386502
7.544545,1.482691
6.308019,-0.045976
5.936937,0.693550
6.183183,1.286652
6.212835,0.713774
5.321321,0.435719
6.890737,0.564291
7.240240,0.560200
6.593594,1.179682
5.536537,0.699764
5.940440,1.485545
5.630631,-0.262312
7.442994,0.587468
7.496011,1.369524
5.384384,0.377176
6.078733,-0.255668
5.067595,1.388626
6.642643,-0.225019
5.161117,1.124789
5.939940,-0.017393
6.938939,1.476357
6.672673,-0.127637
6.200384,0.855791
5.186186,0.491517
7.479479,1.564583
5.780135,-0.060351
5.110884,-0.057035
5.169785,0.275688
7.723639,1.473809
6.857858,0.513338
7.700073,-0.366631
6.563564,1.349875
5.070070,0.910224
6.875876,0.701242
7.453588,1.788929
5.862863,0.671262
6.698699,1.129094
5.290036,1.152965
5.228228,1.387835
7.915916,-0.081395
5.693694,-0.352164
6.093093,1.841456
5.336336,0.382316
6.151151,1.025663
5.857716,0.521869
5.860861,0.500924
7.466967,1.651641
6.318140,0.322030
6.729730,-0.264701
7.365209,0.134805
6.783784,0.330170
5.808809,0.363971
6.286828,-0.405875
5.370370,1.048914
7.110688,0.272278
5.900400,1.224018
5.741979,1.579569
7.869570,0.393640
5.090090,1.111105
6.229229,1.140177
5.024024,0.238869
7.004404,-0.283136
7.824825,1.156178
5.340340,1.061790
7.870059,0.332683
5.553900,-0.095413
7.421922,1.662004
6.558559,1.387346
6.480480,0.219703
6.673674,1.048884
7.030030,0.127172
5.585586,0.042098
7.877377,1.338339
7.642643,-0.134638
5.622623,0.435684
6.807808,-0.218208
5.016016,0.795041
6.591592,-0.071094
6.828829,-0.328082
7.283827,1.151237
5.948949,0.104668
5.216216,1.339907
7.981982,0.125802
7.041649,0.896244
7.069218,0.917731
5.153153,0.333756
7.000000,0.201063
7.803162,1.128901
7.609610,-0.239076
6.130631,1.792283
5.594595,-0.066576
6.135636,1.909889
5.690691,-0.316448
6.874454,1.374328
5.945946,-0.055809
6.081081,0.934607
5.486486,1.024684
5.318318,1.212191
7.792956,0.209800
5.104104,1.209562
7.554555,1.514602
5.350131,1.757564
6.809986,0.797076
7.974540,1.499913
5.675676,-0.331041
5.052052,0.855258
5.827828,1.083688
5.574446,0.554808
7.267267,0.455893
7.104104,1.657683
6.153153,0.520568
5.054853,0.674509
5.393393,0.415971
5.490490,0.868599
5.836837,0.553455
5.882883,0.566917
5.008008,0.873883
6.767768,0.487991
6.951952,-0.033707
7.159159,0.419597
5.702703,1.098910
7.488043,1.663368
7.489489,1.433329
6.608113,1.125355
7.757257,1.012650
5.388388,1.045950
6.798799,1.044133
7.777277,1.251792
6.237237,1.173943
5.360360,0.347781
7.045045,0.328832
6.816316,1.151796
5.982983,1.470630
5.837838,1.259262
6.093573,1.078480
6.350851,1.784476
5.529703,0.157401
7.666667,-0.179769
6.633634,-0.243416
6.953954,0.748185
6.993994,1.452602
7.932676,0.408691
6.635636,0.666451
7.023450,0.945281
7.630631,-0.066910
6.720398,0.658968
5.080080,1.142927
6.508509,1.450497
6.413413,1.688477
7.599600,1.310030
5.463335,1.784336
7.311812,1.928119
7.732733,-0.380124
6.441441,0.890756
5.276276,0.474714
5.562563,1.418853
7.198330,1.387770
5.244244,1.103862
6.418790,-0.372449
5.874875,0.679887
7.612112,1.211917
5.512513,1.536363
5.352352,1.073374
6.846495,1.466253
7.711261,1.475307
5.298320,0.126751
5.782783,1.125527
7.290444,1.892681
7.637424,-0.323515
5.198198,1.322322
7.874875,1.196896
6.055710,-0.325285
7.959960,1.517650
6.862116,1.155052
6.520895,1.694280
6.984985,-0.011350
5.828829,0.647954
5.720220,1.080604
7.780080,0.461744
6.781281,1.184034
7.210096,0.398272
6.899900,0.556069
6.973330,-0.092023
5.686687,0.450614
6.051520,0.980281
5.896897,0.674625
6.951952,0.700670
5.308308,1.329232
7.809810,1.083054
6.393393,0.982706
6.579580,-0.164425
5.176176,1.075628
6.845846,0.617948
7.291291,0.528338
7.168454,0.462687
7.798224,1.821830
7.922422,1.462330
5.363363,0.492120
7.828829,-0.286112
6.333333,0.395053
6.041198,0.539972
7.909910,1.213673
7.351351,0.415408
6.395395,1.107256
7.977794,0.226576
6.132086,1.575344
5.280280,1.126857
5.569978,0.169797
7.191406,0.174421
5.591592,-0.075461
5.438438,0.957002
7.321822,1.881720
7.093093,0.378983
7.381882,1.704246
6.400901,1.691734
5.677678,1.075747
5.851972,0.991082
7.532032,1.488319
7.408408,0.384043
6.819820,0.495047
7.388394,1.859268
7.469469,1.505839
5.702703,-0.269868
6.942943,0.058438
6.467467,0.933996
5.882883,1.298449
5.344450,0.018925
6.821822,0.341607
7.919920,1.426400
5.834835,0.629253
5.134451,-0.254598
5.036036,1.031878
7.552052,1.368210
5.368368,1.000308
6.343343,1.192042
5.048048,1.080192
7.604605,1.261454
5.045660,0.210349
6.102985,1.021085
6.637638,0.588288
6.945946,0.863846
5.157452,-0.264140
7.818474,1.283097
7.391212,0.780262
6.360360,0.454983
6.805806,0.469303
5.722723,0.448860
6.969970,0.922525
6.672637,1.988194
6.473473,0.905169
6.507508,0.911718
5.830330,1.090772
5.453453,0.118576
7.456957,1.644386
5.540164,-0.429425
7.636281,1.821053
6.633634,1.124668
6.655656,0.642819
6.657658,0.538311
6.525910,0.914173
5.824825,0.414373
6.378571,0.231590
7.041542,1.679232
7.791199,1.303023
6.789790,0.376563
7.769770,1.062069
5.399399,0.445044
6.363363,0.322611
5.354354,1.055222
7.434434,1.761847
6.195195,0.472387
5.030030,0.799422
5.652653,0.375856
6.275275,1.299646
5.149127,1.076976
6.891544,1.341358
6.927928,0.074469
6.432432,0.347471
5.026617,1.849042
6.631632,0.640110
6.402402,0.268913
6.025025,0.842926
7.304835,-0.274856
5.892893,1.157596
5.326326,1.257726
6.793794,1.180041
6.605606,0.696621
6.611612,0.453114
7.566368,-0.018730
7.337733,0.438736
6.495495,1.008718
6.630631,-0.076738
5.165344,-0.211328
5.424424,0.909892
7.186687,1.856664
5.901548,1.181779
5.468006,1.174142
5.342342,1.264611
5.502503,0.789224
7.859860,1.274689
7.629228,1.865837
7.009009,1.607948
8.000000,1.473329
6.930931,0.050357
5.365296,-0.393026
5.517518,1.555253
7.719720,1.120922
5.870871,-0.158012
6.303303,1.333534
6.271271,1.338062
7.792793,-0.362910
7.160668,0.458187
6.007038,1.369854
6.557558,0.749226
5.531532,-0.074399
6.067334,0.363521
5.450450,0.953337
7.042042,0.312897
5.506507,0.764976
5.572573,0.736011
5.966967,0.737113
6.849850,0.657624
7.139139,1.857910
5.666667,0.618615
7.620579,1.729609
6.979980,0.691535
5.567532,0.471643
5.574297,1.511033
7.054054,0.195528
6.081081,0.355793
7.983555,0.779782
7.890476,-0.094194
6.360861,1.775727
5.810811,0.504328
5.027027,0.174118
7.504505,0.164917
5.404404,1.159249
6.337848,0.155382
6.193037,-0.009677
6.095095,1.166477
7.144144,0.488654
6.931431,1.242254
5.270270,1.221105
6.395896,1.708356
6.168168,1.847575
7.660310,0.333750
6.282919,-0.478862
6.654581,1.337956
5.881440,1.252216
7.861862,-0.151703
6.651652,-0.144920
6.213213,0.602616
5.576577,0.018408
6.429429,1.153527
5.818819,0.385803
5.798799,0.536689
5.278278,1.159397
6.403403,1.656346
7.861106,-0.006836
7.729730,-0.238129
7.161662,1.745848
7.288288,0.606580
7.120120,0.448249
6.748749,1.098202
5.867868,1.143353
5.515015,1.550713
5.186186,1.231201
7.689133,1.447374
7.119119,1.757186
6.775619,0.384470
6.375375,0.504555
6.623624,0.592726
6.138138,1.867024
5.378378,0.363978
6.241241,1.232756
5.746747,0.413133
6.193193,1.078278
5.922923,0.620912
6.545546,0.770669
6.507558,-0.091578
7.619620,1.165689
7.064064,1.729645
7.547443,1.789728
5.304304,1.272839
7.589590,1.278458
6.750751,-0.282205
6.578579,1.350690
5.356356,1.030965
6.528529,1.473881
6.763764,0.413417
6.818007,0.223637
6.493493,0.825912
5.128128,1.085308
7.414475,-0.163289
5.560060,1.314523
6.371371,1.177500
6.149149,1.318346
5.394926,-0.062223
5.858859,0.420398
6.213213,1.156947
7.365059,0.435843
6.479479,0.783367
6.145145,1.110729
6.931077,0.422415
6.939940,-0.003100
6.369369,0.432057
7.374951,1.993990
6.195195,1.128808
7.787287,1.145070
7.570571,-0.077016
5.119076,0.090901
6.349349,1.088268
6.167167,1.126761
6.921922,0.602294
7.752252,1.000406
6.687688,0.381319
6.383383,1.062074
5.282282,0.480910
6.156410,0.337144
7.674686,1.486202
5.406406,0.954427
6.781782,0.355476
5.534032,0.781169
6.613614,1.335859
5.706707,0.332971
6.957958,0.754067
5.426426,1.016442
6.254090,0.194906
7.221722,1.962266
7.438438,0.317841
7.286787,1.888100
6.413413,1.103187
5.949792,1.533394
6.059059,1.088368
5.220628,-0.390253
5.862863,1.342217
5.450270,1.518525
6.501502,0.236616
5.594595,0.731087
7.724725,1.060106
7.735736,-0.214534
6.827828,0.572237
5.390390,0.381279
5.300300,1.206388
6.618619,-0.089119
6.027027,0.109809
5.057057,0.315960
5.278399,0.755142
6.910865,0.631043
6.900901,-0.177903
5.612613,0.526513
7.103424,-0.171222
5.230560,1.490394
6.668669,1.205684
6.233233,1.382365
5.793899,0.892533
7.441942,1.577664
6.641702,1.485181
6.893894,1.192184
6.564548,0.120731
6.847848,0.646869
5.408960,1.815295
6.819820,-0.268842
7.129129,0.408944
5.658659,0.538879
6.205205,1.383022
6.408408,0.426124
7.912913,-0.008700
6.111111,1.079590
7.564565,-0.036831
6.853854,0.469968
6.020521,1.525556
7.910676,-0.424072
